{"initial_reset_timestamp": 1485292725.3016224, "timestamps": [1485292731.1878803, 1485292738.3564165, 1485292745.8995495, 1485292752.8523207, 1485292760.0141408, 1485292773.662025, 1485292786.89127, 1485292795.089786, 1485292810.6348984, 1485292817.9681277, 1485292824.2065694, 1485292830.4657757, 1485292836.7691035, 1485292844.510554, 1485292850.0982761, 1485292856.5087483, 1485292863.0152638, 1485292870.6918714, 1485292877.1058898, 1485292884.572638, 1485292890.3074276, 1485292895.8910334, 1485292902.4683921, 1485292908.3028514, 1485292914.5901153, 1485292921.9966283, 1485292929.5037868, 1485292937.888909, 1485292943.927934, 1485292951.0075243, 1485292956.7585602, 1485292966.6532729, 1485292972.3587325, 1485292978.0276365, 1485292984.3660874, 1485292990.7542837, 1485292997.8204553, 1485293004.4550638, 1485293010.1926239, 1485293017.3654392, 1485293023.8156433, 1485293030.309085, 1485293036.7633026, 1485293043.774642, 1485293050.0858853, 1485293057.4047043, 1485293063.9392207, 1485293070.5618827, 1485293077.866518, 1485293084.4061174, 1485293090.946363, 1485293097.6245537, 1485293104.7109876, 1485293111.9127262, 1485293121.9654107, 1485293130.4368708, 1485293136.0138938, 1485293142.4647963, 1485293148.3628209, 1485293154.3292444, 1485293160.8471177, 1485293166.5472262, 1485293173.6599066, 1485293179.2979069, 1485293187.4631646, 1485293194.6495929, 1485293200.322699, 1485293207.31988, 1485293214.4189394, 1485293220.8729315, 1485293228.030314, 1485293234.607793, 1485293240.3122127, 1485293250.9453425, 1485293257.3873928, 1485293264.40287, 1485293270.0532115, 1485293276.4226851, 1485293282.7093058, 1485293288.998355, 1485293295.4031222, 1485293302.4161017, 1485293308.7314832, 1485293314.3638976, 1485293320.1279635, 1485293327.974833, 1485293334.3683867, 1485293340.126064, 1485293346.8366756, 1485293353.3170545, 1485293359.2292638, 1485293365.0183196, 1485293372.0430672, 1485293378.4495838, 1485293386.53889, 1485293392.39923, 1485293398.7987344, 1485293405.168656, 1485293411.5540848, 1485293418.6705163, 1485293424.831445, 1485293431.1518195, 1485293438.3127778, 1485293446.0309243, 1485293453.537611, 1485293461.679268, 1485293467.5071728, 1485293473.9229553, 1485293480.3309817, 1485293486.0668085, 1485293492.639414, 1485293499.0560567, 1485293505.57459, 1485293512.0557873, 1485293518.121187, 1485293526.2574, 1485293532.9067614, 1485293539.6691074, 1485293547.386031, 1485293554.4587162, 1485293560.220973, 1485293567.2293012, 1485293574.2766144, 1485293580.0228798, 1485293587.2066493, 1485293595.6826022, 1485293602.2373302, 1485293608.8149073, 1485293614.5968184, 1485293621.1427808, 1485293627.664106, 1485293634.3604496, 1485293645.209871, 1485293651.0850332, 1485293657.4978347, 1485293664.0713203, 1485293669.7858915, 1485293675.778333, 1485293682.446625, 1485293689.077344, 1485293696.4469092, 1485293703.8171659, 1485293709.8401651, 1485293717.3577754, 1485293724.995969, 1485293732.5248153, 1485293739.331854, 1485293745.3897636, 1485293751.1453753, 1485293758.3321226, 1485293764.8421834, 1485293771.235934, 1485293779.2504623, 1485293785.752799, 1485293793.5146422, 1485293800.5007572, 1485293807.0246084, 1485293814.8914545, 1485293821.2623117, 1485293827.7222393, 1485293833.3756306, 1485293839.880623, 1485293846.2322268, 1485293852.55939, 1485293859.63345, 1485293865.9883852, 1485293872.294919, 1485293879.3713293, 1485293885.6639879, 1485293891.3820004, 1485293897.9294193, 1485293903.8381205, 1485293911.7255452, 1485293918.0673108, 1485293928.317203, 1485293934.6697462, 1485293943.293111, 1485293950.257226, 1485293955.2622952, 1485293960.9616256, 1485293967.3595984, 1485293973.02362, 1485293980.1916087, 1485293986.464378, 1485293992.2264035, 1485293998.9577274, 1485294010.174052, 1485294016.349161, 1485294022.0861719, 1485294027.7590294, 1485294034.2663813, 1485294040.820815, 1485294047.2967095, 1485294053.7650247, 1485294061.1072478, 1485294069.1745772, 1485294075.7278209, 1485294082.363461, 1485294088.9045367, 1485294095.9990897, 1485294102.41208, 1485294110.8226244, 1485294117.2729745, 1485294124.361643, 1485294130.8121405, 1485294138.609392, 1485294145.6612835, 1485294151.4266136, 1485294157.987258, 1485294164.4049892, 1485294170.132066, 1485294176.4877706, 1485294184.3406987, 1485294191.864371, 1485294198.3156326, 1485294205.4127748, 1485294213.2036953, 1485294220.379603, 1485294232.564511, 1485294238.300004, 1485294244.1211681, 1485294250.0407784, 1485294256.696764, 1485294264.8541684, 1485294272.4317105, 1485294277.6132014, 1485294283.4904282, 1485294289.9805405, 1485294296.6993923, 1485294303.5772011, 1485294313.2331915, 1485294319.0968647, 1485294324.9939942, 1485294334.1479335, 1485294339.799316, 1485294346.262779, 1485294353.5519328, 1485294360.1168475, 1485294365.8397205, 1485294372.9009492, 1485294379.369014, 1485294385.849776, 1485294401.0025287, 1485294407.6858404, 1485294414.8308456, 1485294422.741308, 1485294430.0433753, 1485294435.1988058, 1485294440.8621476, 1485294446.0113864, 1485294451.9204378, 1485294458.2390597, 1485294464.8873062, 1485294471.9895668, 1485294478.4314852, 1485294485.5655842, 1485294492.1813238, 1485294497.9770973, 1485294504.3411787, 1485294510.8416708, 1485294518.7770023, 1485294524.4369946, 1485294530.8296485, 1485294538.7576053, 1485294545.8324401, 1485294552.9370918, 1485294558.6967418, 1485294564.4908063, 1485294571.6953058, 1485294581.808377, 1485294588.2771358, 1485294595.398964, 1485294603.3379395, 1485294610.4687705, 1485294618.4054585, 1485294625.0080075, 1485294631.51904, 1485294638.1725545, 1485294645.1971788, 1485294652.6102142, 1485294659.085478, 1485294665.4798658, 1485294671.2910442, 1485294678.350802, 1485294685.7112005, 1485294692.7961156, 1485294699.3612845, 1485294706.5006146, 1485294713.7638435, 1485294719.5809395, 1485294725.9734323, 1485294732.4772954, 1485294740.2368906, 1485294747.4795465, 1485294754.7555022, 1485294764.2142031, 1485294773.7367163, 1485294779.2990553, 1485294786.3754308, 1485294793.4848971, 1485294799.9588807, 1485294807.8758798, 1485294814.4501784, 1485294821.616153, 1485294828.069061, 1485294834.6493146, 1485294840.2531664, 1485294849.6635883, 1485294856.712836, 1485294863.1015384, 1485294869.5973766, 1485294875.9530704, 1485294882.2857609, 1485294888.7004628, 1485294895.1537218, 1485294901.422224, 1485294907.0890832, 1485294914.1898422, 1485294920.0474074, 1485294930.0044303, 1485294937.0990174, 1485294943.36088, 1485294948.391582, 1485294954.766896, 1485294961.8315103, 1485294968.2807438, 1485294974.1047199, 1485294980.810996, 1485294986.6875188, 1485294992.7277384, 1485294999.8768792, 1485295007.4042692, 1485295014.1527367, 1485295020.776416, 1485295027.9329157, 1485295034.4134684, 1485295041.1040301, 1485295047.0489037, 1485295053.4064298, 1485295059.7219598, 1485295066.1114998, 1485295073.1990688, 1485295078.8929992, 1485295086.4198093, 1485295094.6996832, 1485295101.276357, 1485295113.143245, 1485295120.1962578, 1485295126.5761647, 1485295133.5558667, 1485295139.8720434, 1485295146.2050388, 1485295152.5938377, 1485295159.0551167, 1485295165.6272826, 1485295172.2475362, 1485295178.6402295, 1485295185.2261345, 1485295191.8805764, 1485295198.25391, 1485295204.217977, 1485295210.1340678, 1485295215.848192, 1485295222.8708255, 1485295229.6452653, 1485295236.0120034, 1485295243.877573, 1485295250.4208264, 1485295256.2893116, 1485295262.822003, 1485295269.2013288, 1485295276.346724, 1485295287.8508852, 1485295294.8212972, 1485295301.1090872, 1485295308.32208, 1485295313.913015, 1485295321.093185, 1485295328.2646468, 1485295333.9868438, 1485295340.3111618, 1485295345.981441, 1485295352.588856, 1485295359.1927397, 1485295365.8833826, 1485295373.1996593, 1485295379.7430224, 1485295387.1523921, 1485295392.9982524, 1485295400.9792464, 1485295408.180074, 1485295414.8438535, 1485295421.2977474, 1485295428.3994675, 1485295435.609175, 1485295441.965176, 1485295449.1964395, 1485295455.1606462, 1485295461.604249, 1485295467.254595, 1485295473.7969728, 1485295480.205985, 