{"initial_reset_timestamp": 1484584901.1733432, "timestamps": [1484584904.5035768, 1484584910.6839242, 1484584922.1401892, 1484584937.2447913, 1484584953.0089421, 1484584966.901789, 1484584976.2458334, 1484584981.8354893, 1484584990.6486113, 1484585010.2630267, 1484585018.3890162, 1484585032.7177448, 1484585041.2770753, 1484585047.098503, 1484585054.0798264, 1484585059.6800666, 1484585064.9762714, 1484585069.7295463, 1484585076.517333, 1484585083.7508044, 1484585090.424232, 1484585096.0128765, 1484585101.9190679, 1484585108.8266253, 1484585114.7018695, 1484585120.3424804, 1484585135.2460456, 1484585140.400175, 1484585147.7302368, 1484585152.7796266, 1484585158.4439628, 1484585164.6769497, 1484585170.0798259, 1484585175.4229755, 1484585180.5008435, 1484585185.5692554, 1484585191.9328716, 1484585199.3801188, 1484585203.9544003, 1484585210.4799206, 1484585216.102793, 1484585222.610333, 1484585227.9554605, 1484585233.2631533, 1484585242.477877, 1484585248.3576064, 1484585252.4501634, 1484585257.7466233, 1484585262.4655557, 1484585268.5143745, 1484585274.1257262, 1484585279.6192956, 1484585286.422826, 1484585293.617609, 1484585297.9754214, 1484585305.9443219, 1484585313.8267014, 1484585320.4892485, 1484585326.4862833, 1484585333.3838503, 1484585340.3568995, 1484585346.9340053, 1484585353.0116544, 1484585359.280645, 1484585367.468397, 1484585373.199312, 1484585378.3768265, 1484585384.7136877, 1484585391.6213708, 1484585397.3590987, 1484585404.8687327, 1484585411.4133856, 1484585418.2638748, 1484585423.8814273, 1484585428.9665828, 1484585435.248038, 1484585442.428864, 1484585449.2564793, 1484585453.7853167, 1484585460.4107733, 1484585466.4600143, 1484585471.594301, 1484585480.2491553, 1484585485.774019, 1484585492.6856372, 1484585499.3561554, 1484585505.6194224, 1484585514.0880475, 1484585518.5557773, 1484585525.4432166, 1484585534.0093653, 1484585540.159324, 1484585545.6213095, 1484585552.1903667, 1484585558.0851138, 1484585563.164274, 1484585569.2323258, 1484585573.9534109, 1484585579.5664864, 1484585584.599038, 1484585591.8984935, 1484585597.6143062, 1484585604.478166, 1484585610.4861212, 1484585616.2229161, 1484585623.3278968, 1484585630.5512614, 1484585635.2505357, 1484585641.929314, 1484585648.5864286, 1484585653.3508933, 1484585659.793734, 1484585665.0059063, 1484585671.099912, 1484585675.64593, 1484585682.9343624, 1484585691.6433802, 1484585697.4210362, 1484585703.369273, 1484585709.7496157, 1484585717.4200592, 1484585724.5967185, 1484585731.2173567, 1484585739.0227234, 1484585746.6333857, 1484585753.2396815, 1484585759.4759533, 1484585765.470621, 1484585772.6061845, 1484585779.804759, 1484585785.926481, 1484585791.8462696, 1484585798.324601, 1484585803.6117682, 1484585809.637735, 1484585817.2082095, 1484585823.756178, 1484585829.8038583, 1484585837.6831195, 1484585844.721984, 1484585850.968542, 1484585857.7205763, 1484585864.3908293, 1484585869.379864, 1484585874.5047557, 1484585878.9804668, 1484585885.8264441, 1484585890.7365623, 1484585897.7300465, 1484585904.2600498], "episode_lengths": [1235, 1758, 3111, 3773, 3967, 3467, 2339, 1374, 1794, 4906, 1951, 3579, 2162, 1436, 1732, 1419, 1308, 1175, 1651, 1782, 1587, 1360, 1456, 1712, 1433, 1378, 3706, 1030, 1827, 1257, 1415, 1527, 1337, 1298, 1269, 1247, 1574, 1846, 1124, 1617, 1373, 1586, 1291, 1314, 2296, 1448, 996, 1290, 1172, 1493, 1351, 1335, 1657, 1772, 1054, 1970, 1941, 1638, 1455, 1686, 1697, 1579, 1454, 1515, 1637, 1351, 1220, 1529, 1654, 1424, 1833, 1615, 1678, 1351, 1255, 1338, 1757, 1670, 1120, 1640, 1473, 1258, 1902, 1306, 1700, 1606, 1525, 2093, 1089, 1688, 2083, 1497, 1350, 1409, 1431, 1254, 1489, 1145, 1369, 1148, 1774, 1325, 1657, 1476, 1406, 1718, 1625, 1127, 1632, 1624, 1167, 1524, 1273, 1482, 1096, 1723, 2023, 1398, 1475, 1523, 1770, 1793, 1630, 1884, 1853, 1207, 1459, 1364, 1637, 1692, 1437, 1425, 1563, 1285, 1462, 1831, 1595, 1421, 1829, 1691, 1457, 1624, 1637, 1214, 1275, 1035, 1687, 1162, 1659, 1562], "episode_rewards": [-12152.0, -14666.0, -22458.0, -23879.0, -26980.0, -24399.0, -17175.0, -14408.0, -16956.0, -31440.0, -15745.0, -25309.0, -17753.0, -15189.0, -16145.0, -16066.0, -13507.0, -13964.0, -15759.0, -17398.0, -15888.0, -13256.0, -16312.0, -16045.0, -16177.0, -13947.0, -27456.0, -13045.0, -17154.0, -12784.0, -11454.0, -13680.0, -13720.0, -11502.0, -13797.0, -11285.0, -14344.0, -15694.0, -11174.0, -15537.0, -13301.0, -14886.0, -11368.0, -14018.0, -18442.0, -14235.0, -12979.0, -14360.0, -11754.0, -13452.0, -14643.0, -13244.0, -14677.0, -17369.0, -11765.0, -17816.0, -14771.0, -14187.0, -12722.0, -13405.0, -14892.0, -15374.0, -13774.0, -14130.0, -13694.0, -11693.0, -11200.0, -12643.0, -14677.0, -13062.0, -14706.0, -15517.0, -15380.0, -14768.0, -12280.0, -13163.0, -16216.0, -14810.0, -13538.0, -15684.0, -13335.0, -13789.0, -16525.0, -14516.0, -15978.0, -13082.0, -16113.0, -17563.0, -12375.0, -16410.0, -17920.0, -13952.0, -12700.0, -13054.0, -13651.0, -12284.0, -15560.0, -11678.0, -16793.0, -11684.0, -15873.0, -12613.0, -15864.0, -15367.0, -13029.0, -17053.0, -11556.0, -11130.0, -13676.0, -17599.0, -13263.0, -14708.0, -14337.0, -14923.0, -12468.0, -15196.0, -16988.0, -14527.0, -16275.0, -16038.0, -17820.0, -18431.0, -18149.0, -17340.0, -16357.0, -14004.0, -15255.0, -15438.0, -16109.0, -16427.0, -13089.0, -14151.0, -14338.0, -15540.0, -16282.0, -17172.0, -15964.0, -10614.0, -16107.0, -14899.0, -15315.0, -14611.0, -15629.0, -12477.0, -14383.0, -10135.0, -16432.0, -11316.0, -16905.0, -13178.0], "episode_types": ["t", "t", "t", "t", "t", "t", "t", "t", "t", "t", "t", "t", "t", "t", "t", "t", "t", "t", "t", "t", "t", "t", "t", "t", "t", "t", "t", "t", "t", "t", "t", "t", "t", "t", "t", "t", "t", "t", "t", "t", "t", "t", "t", "t", "t", "t", "t", "t", "t", "t", "t", "t", "t", "t", "t", "t", "t", "t", "t", "t", "t", "t", "t", "t", "t", "t", "t", "t", "t", "t", "t", "t", "t", "t", "t", "t", "t", "t", "t", "t", "t", "t", "t", "t", "t", "t", "t", "t", "t", "t", "t", "t", "t", "t", "t", "t", "t", "t", "t", "t", "t", "t", "t", "t", "t", "t", "t", "t", "t", "t", "t", "t", "t", "t", "t", "t", "t", "t", "t", "t", "t", "t", "t", "t", "t", "t", "t", "t", "t", "t", "t", "t", "t", "t", "t", "t", "t", "t", "t", "t", "t", "t", "t", "t", "t", "t", "t", "t", "t", "t"]}