{"initial_reset_timestamp": 1484578242.7081494, "timestamps": [1484578246.4122164, 1484578252.694612, 1484578264.8248653, 1484578280.8272603, 1484578297.3545606, 1484578311.6543741, 1484578321.3723342, 1484578327.1343315, 1484578336.0385437, 1484578356.1979847, 1484578364.293956, 1484578379.0253544, 1484578387.8823094, 1484578393.8964112, 1484578401.0909965, 1484578406.948469, 1484578412.3874223, 1484578417.2584243, 1484578424.1825733, 1484578431.5415823, 1484578438.2066634, 1484578443.938242, 1484578449.984996, 1484578457.038275, 1484578463.0538428, 1484578468.8228135, 1484578484.0400388, 1484578489.2498145, 1484578496.8495839, 1484578502.0830138, 1484578507.91342, 1484578514.3220158, 1484578519.8440707, 1484578525.299698, 1484578530.499317, 1484578535.651554, 1484578542.0688941, 1484578549.6428442, 1484578554.3315609, 1484578560.9954767, 1484578566.730755, 1484578573.353483, 1484578578.7719, 1484578584.2036946, 1484578593.5964234, 1484578599.6203928, 1484578603.8784528, 1484578609.2431803, 1484578614.1435993, 1484578620.2898958, 1484578625.94753, 1484578631.4374764, 1484578638.3087234, 1484578645.5923743, 1484578650.0286229, 1484578658.1763747, 1484578666.0779486, 1484578672.8501394, 1484578678.8972626, 1484578685.8902721, 1484578692.888785, 1484578699.479176, 1484578705.5236068, 1484578711.850812, 1484578720.0115395, 1484578725.8262074, 1484578730.9413486, 1484578737.291286, 1484578744.1916702, 1484578749.9857655, 1484578757.572794, 1484578764.1996052, 1484578771.1572785, 1484578776.9043024, 1484578782.1356306, 1484578787.655147, 1484578794.9700246, 1484578801.909401, 1484578806.4882853, 1484578813.1895168, 1484578819.3266864, 1484578824.5017872, 1484578832.3996978, 1484578837.8124127, 1484578844.8013592, 1484578851.5227244, 1484578857.9081862, 1484578866.5164623, 1484578871.0180728, 1484578877.9921165, 1484578886.5563893, 1484578892.7376826, 1484578898.314969, 1484578904.185324, 1484578910.1701293, 1484578915.37571, 1484578921.5203855, 1484578926.3343005, 1484578932.0092547, 1484578936.85537, 1484578944.1782713, 1484578949.938088, 1484578956.8781798, 1484578962.9987397, 1484578968.8231778, 1484578975.8717213, 1484578982.6860938, 1484578987.481497, 1484578994.2615678, 1484579000.9050596, 1484579005.7195952, 1484579012.0481584, 1484579017.2410376, 1484579023.342579, 1484579027.9282112, 1484579034.9606123, 1484579043.1893442, 1484579048.9584513, 1484579055.0469253, 1484579061.3291328, 1484579068.5820117, 1484579075.8540862, 1484579082.5460286, 1484579090.2941155, 1484579097.89989, 1484579103.9640207, 1484579110.0185032, 1484579115.7211604, 1484579122.4667761, 1484579129.4718409, 1484579135.463896, 1484579141.332844, 1484579147.8221226, 1484579153.2359004, 1484579159.265919, 1484579166.8427386, 1484579173.598803, 1484579179.6207411, 1484579187.2068174, 1484579194.171835, 1484579200.3264947, 1484579207.040676, 1484579213.7814915, 1484579218.8588238, 1484579224.0380461, 1484579228.335069, 1484579235.3306925, 1484579240.20682, 1484579247.2135794, 1484579253.6551363], "episode_lengths": [1235, 1758, 3111, 3773, 3967, 3467, 2339, 1374, 1794, 4906, 1951, 3579, 2162, 1436, 1732, 1419, 1308, 1175, 1651, 1782, 1587, 1360, 1456, 1712, 1433, 1378, 3706, 1030, 1827, 1257, 1415, 1527, 1337, 1298, 1269, 1247, 1574, 1846, 1124, 1617, 1373, 1586, 1291, 1314, 2296, 1448, 996, 1290, 1172, 1493, 1351, 1335, 1657, 1772, 1054, 1970, 1941, 1638, 1455, 1686, 1697, 1579, 1454, 1515, 1637, 1351, 1220, 1529, 1654, 1424, 1833, 1615, 1678, 1351, 1255, 1338, 1757, 1670, 1120, 1640, 1473, 1258, 1902, 1306, 1700, 1606, 1525, 2093, 1089, 1688, 2083, 1497, 1350, 1409, 1431, 1254, 1489, 1145, 1369, 1148, 1774, 1325, 1657, 1476, 1406, 1718, 1625, 1127, 1632, 1624, 1167, 1524, 1273, 1482, 1096, 1723, 2023, 1398, 1475, 1523, 1770, 1793, 1630, 1884, 1853, 1207, 1459, 1364, 1637, 1692, 1437, 1425, 1563, 1285, 1462, 1831, 1595, 1421, 1829, 1691, 1457, 1624, 1637, 1214, 1275, 1035, 1687, 1162, 1659, 1562], "episode_rewards": [-12152.0, -14666.0, -22458.0, -23879.0, -26980.0, -24399.0, -17175.0, -14408.0, -16956.0, -31440.0, -15745.0, -25309.0, -17753.0, -15189.0, -16145.0, -16066.0, -13507.0, -13964.0, -15759.0, -17398.0, -15888.0, -13256.0, -16312.0, -16045.0, -16177.0, -13947.0, -27456.0, -13045.0, -17154.0, -12784.0, -11454.0, -13680.0, -13720.0, -11502.0, -13797.0, -11285.0, -14344.0, -15694.0, -11174.0, -15537.0, -13301.0, -14886.0, -11368.0, -14018.0, -18442.0, -14235.0, -12979.0, -14360.0, -11754.0, -13452.0, -14643.0, -13244.0, -14677.0, -17369.0, -11765.0, -17816.0, -14771.0, -14187.0, -12722.0, -13405.0, -14892.0, -15374.0, -13774.0, -14130.0, -13694.0, -11693.0, -11200.0, -12643.0, -14677.0, -13062.0, -14706.0, -15517.0, -15380.0, -14768.0, -12280.0, -13163.0, -16216.0, -14810.0, -13538.0, -15684.0, -13335.0, -13789.0, -16525.0, -14516.0, -15978.0, -13082.0, -16113.0, -17563.0, -12375.0, -16410.0, -17920.0, -13952.0, -12700.0, -13054.0, -13651.0, -12284.0, -15560.0, -11678.0, -16793.0, -11684.0, -15873.0, -12613.0, -15864.0, -15367.0, -13029.0, -17053.0, -11556.0, -11130.0, -13676.0, -17599.0, -13263.0, -14708.0, -14337.0, -14923.0, -12468.0, -15196.0, -16988.0, -14527.0, -16275.0, -16038.0, -17820.0, -18431.0, -18149.0, -17340.0, -16357.0, -14004.0, -15255.0, -15438.0, -16109.0, -16427.0, -13089.0, -14151.0, -14338.0, -15540.0, -16282.0, -17172.0, -15964.0, -10614.0, -16107.0, -14899.0, -15315.0, -14611.0, -15629.0, -12477.0, -14383.0, -10135.0, -16432.0, -11316.0, -16905.0, -13178.0], "episode_types": ["t", "t", "t", "t", "t", "t", "t", "t", "t", "t", "t", "t", "t", "t", "t", "t", "t", "t", "t", "t", "t", "t", "t", "t", "t", "t", "t", "t", "t", "t", "t", "t", "t", "t", "t", "t", "t", "t", "t", "t", "t", "t", "t", "t", "t", "t", "t", "t", "t", "t", "t", "t", "t", "t", "t", "t", "t", "t", "t", "t", "t", "t", "t", "t", "t", "t", "t", "t", "t", "t", "t", "t", "t", "t", "t", "t", "t", "t", "t", "t", "t", "t", "t", "t", "t", "t", "t", "t", "t", "t", "t", "t", "t", "t", "t", "t", "t", "t", "t", "t", "t", "t", "t", "t", "t", "t", "t", "t", "t", "t", "t", "t", "t", "t", "t", "t", "t", "t", "t", "t", "t", "t", "t", "t", "t", "t", "t", "t", "t", "t", "t", "t", "t", "t", "t", "t", "t", "t", "t", "t", "t", "t", "t", "t", "t", "t", "t", "t", "t", "t"]}