{"initial_reset_timestamp": 1484586092.2074058, "timestamps": [1484586097.3559048, 1484586103.544752, 1484586108.4804966, 1484586113.00794, 1484586118.0186343, 1484586124.8454611, 1484586130.0804667, 1484586136.257708, 1484586142.651812, 1484586148.5242386, 1484586153.9262943, 1484586160.2957635, 1484586166.8362563, 1484586174.5503385, 1484586178.6348493, 1484586182.628926, 1484586186.5450733, 1484586190.614315, 1484586195.7788382, 1484586200.7943096, 1484586204.5604432, 1484586208.7321537, 1484586213.1775105, 1484586217.0932627, 1484586221.9209015, 1484586226.9476733, 1484586231.5514526, 1484586238.2179356, 1484586242.5319126, 1484586247.5550115, 1484586252.140581, 1484586256.990525, 1484586261.1796374, 1484586266.1987545, 1484586272.3590708, 1484586276.3481572, 1484586280.1444142, 1484586284.5684412, 1484586289.6515548, 1484586294.6855152, 1484586299.1571047, 1484586303.9494264, 1484586308.246177, 1484586313.1979005, 1484586318.1138732, 1484586323.1063056, 1484586328.2703042, 1484586333.2894313], "episode_lengths": [1849, 1510, 1324, 1187, 1280, 1797, 1303, 1492, 1159, 1427, 1332, 1565, 1617, 1889, 1017, 959, 908, 927, 1237, 1221, 894, 1050, 1091, 957, 1133, 1118, 1117, 1284, 1001, 1216, 1086, 1152, 993, 1193, 1451, 940, 906, 1017, 1201, 1204, 1003, 1008, 1023, 1141, 1176, 1216, 1207, 1141], "episode_rewards": [-18719.0, -14385.0, -14065.0, -13941.0, -12885.0, -17954.0, -13598.0, -16033.0, -13308.0, -12646.0, -16205.0, -15826.0, -13586.0, -14962.0, -6104.0, -7254.0, -7533.0, -5634.0, -7157.0, -9562.0, -4941.0, -6250.0, -7450.0, -5758.0, -7153.0, -7041.0, -8008.0, -7935.0, -7491.0, -7551.0, -7975.0, -6738.0, -7941.0, -6517.0, -10770.0, -7696.0, -5491.0, -6585.0, -6469.0, -6984.0, -6047.0, -6034.0, -5607.0, -7229.0, -7373.0, -8105.0, -7497.0, -8233.0], "episode_types": ["t", "t", "t", "t", "t", "t", "t", "t", "t", "t", "t", "t", "t", "t", "t", "t", "t", "t", "t", "t", "t", "t", "t", "t", "t", "t", "t", "t", "t", "t", "t", "t", "t", "t", "t", "t", "t", "t", "t", "t", "t", "t", "t", "t", "t", "t", "t", "t", "t"]}