{"initial_reset_timestamp": 1484585342.8424807, "timestamps": [1484585348.1569574, 1484585354.5515413, 1484585359.5009809, 1484585364.0738783, 1484585369.3106718, 1484585376.081681, 1484585381.155694, 1484585386.9115186, 1484585392.467635, 1484585398.1315885, 1484585403.2455003, 1484585409.1367657, 1484585415.3077867, 1484585422.6374917, 1484585426.6318464, 1484585430.316299, 1484585433.9540098, 1484585437.684098, 1484585442.5497963, 1484585447.4074545, 1484585450.8847747, 1484585454.97226, 1484585459.2752736, 1484585463.0474465, 1484585467.561999, 1484585471.9817178, 1484585476.3306172, 1484585482.565039, 1484585486.6189663, 1484585491.4928808, 1484585495.8283176, 1484585500.4484885, 1484585504.4415288, 1484585509.0761802, 1484585514.7436695, 1484585518.4441135, 1484585522.0996468, 1484585526.225983, 1484585531.0651324, 1484585535.8960888, 1484585539.9244554, 1484585543.9253345, 1484585548.0012748, 1484585552.6385689, 1484585557.2932189, 1484585562.2220578, 1484585567.0308392, 1484585571.6116188, 1484585576.2306604, 1484585582.0883858, 1484585588.4818296, 1484585592.7981493, 1484585597.1342332, 1484585601.1583006, 1484585605.5058904, 1484585609.5175757, 1484585613.19034, 1484585617.2365727, 1484585621.3128002, 1484585625.5909207, 1484585631.6404905, 1484585637.112592, 1484585640.7583914, 1484585645.432522, 1484585650.1861258, 1484585654.3337302, 1484585658.5841312, 1484585662.1049907, 1484585666.0752563, 1484585670.1465, 1484585674.5632615, 1484585679.0084188, 1484585684.6073987, 1484585688.908779, 1484585696.1032565, 1484585700.1514487, 1484585704.1513462, 1484585707.628829, 1484585711.7551923, 1484585716.5595195, 1484585720.8302822, 1484585724.888593, 1484585728.931317, 1484585733.3241258, 1484585737.6686032, 1484585742.1618752, 1484585746.4381104, 1484585750.4697144, 1484585754.6565046, 1484585759.815856, 1484585764.470731, 1484585771.6807244, 1484585776.3901951, 1484585780.809202, 1484585785.0110056, 1484585789.5258012, 1484585794.5998235, 1484585800.20175, 1484585803.9086173, 1484585808.0195668, 1484585813.0532067, 1484585818.1830108, 1484585822.2426174, 1484585826.3137896, 1484585831.188876, 1484585835.6070042, 1484585840.0600064, 1484585844.0848002, 1484585848.4828644, 1484585853.3968546, 1484585858.3389952, 1484585862.4517138, 1484585866.486948, 1484585870.5284758, 1484585874.574722, 1484585878.766842, 1484585882.5626683, 1484585886.917617, 1484585891.0400105, 1484585894.8664243, 1484585899.0212393, 1484585903.352913, 1484585907.6404805, 1484585911.930292, 1484585915.9109223, 1484585922.018923, 1484585925.6732244, 1484585929.3862164, 1484585933.6070976, 1484585937.3450875, 1484585941.975073, 1484585945.7014763, 1484585949.7771258, 1484585954.0803869, 1484585959.2884698, 1484585964.8984058, 1484585970.0362077, 1484585973.8483095, 1484585978.9352434, 1484585983.431644, 1484585987.4483485, 1484585991.777927, 1484585995.8565586, 1484586001.8698347, 1484586006.3924477, 1484586011.0339859, 1484586015.0057483, 1484586019.0128076, 1484586023.0380619, 1484586027.0692115], "episode_lengths": [1849, 1510, 1324, 1187, 1280, 1797, 1303, 1492, 1159, 1427, 1332, 1565, 1617, 1889, 1017, 959, 908, 927, 1237, 1221, 894, 1050, 1091, 957, 1133, 1118, 1117, 1284, 1001, 1216, 1086, 1152, 993, 1193, 1451, 940, 906, 1017, 1201, 1204, 1003, 1008, 1023, 1141, 1176, 1216, 1207, 1141, 1152, 1483, 1622, 1070, 1107, 1005, 1117, 1002, 921, 1050, 1018, 1077, 1427, 1419, 909, 1174, 950, 1029, 1051, 884, 983, 1016, 1114, 1122, 1389, 1077, 1836, 1035, 977, 876, 1026, 1183, 1062, 1018, 1024, 1125, 1116, 1125, 1061, 992, 1039, 1213, 1121, 1801, 1157, 1083, 1037, 1096, 1246, 1390, 919, 1026, 1217, 1219, 1035, 1005, 1179, 1073, 1098, 981, 1075, 1155, 1204, 1001, 1031, 1004, 1042, 1043, 964, 1073, 1045, 935, 1002, 1069, 1083, 1069, 1020, 1264, 912, 930, 1083, 960, 1178, 911, 1033, 1093, 1343, 1461, 1301, 973, 1324, 1192, 1047, 1094, 1037, 1554, 1126, 1140, 994, 990, 1019, 983], "episode_rewards": [-18719.0, -14385.0, -14065.0, -13941.0, -12885.0, -17954.0, -13598.0, -16033.0, -13308.0, -12646.0, -16205.0, -15826.0, -13586.0, -14962.0, -6104.0, -7254.0, -7533.0, -5634.0, -7157.0, -9562.0, -4941.0, -6250.0, -7450.0, -5758.0, -7153.0, -7041.0, -8008.0, -7935.0, -7491.0, -7551.0, -7975.0, -6738.0, -7941.0, -6517.0, -10770.0, -7696.0, -5491.0, -6585.0, -6469.0, -6984.0, -6047.0, -6034.0, -5607.0, -7229.0, -7373.0, -8105.0, -7497.0, -8233.0, -6138.0, -9925.0, -9536.0, -5813.0, -6470.0, -7104.0, -6633.0, -6496.0, -7096.0, -7210.0, -5130.0, -6865.0, -8624.0, -9074.0, -5588.0, -6391.0, -6169.0, -6090.0, -7214.0, -6872.0, -4866.0, -7019.0, -5560.0, -6616.0, -7429.0, -5858.0, -11063.0, -7617.0, -7894.0, -5777.0, -7135.0, -7424.0, -6689.0, -5612.0, -5612.0, -6151.0, -6535.0, -5664.0, -7303.0, -6987.0, -5677.0, -8584.0, -8011.0, -11936.0, -8278.0, -6918.0, -6629.0, -7503.0, -7790.0, -9451.0, -7621.0, -9104.0, -7172.0, -7034.0, -6639.0, -6992.0, -6806.0, -5903.0, -5956.0, -5934.0, -7338.0, -8311.0, -7017.0, -6986.0, -6167.0, -7001.0, -6629.0, -5677.0, -5264.0, -5390.0, -5694.0, -5651.0, -6511.0, -6813.0, -6893.0, -6897.0, -7079.0, -7848.0, -6031.0, -6159.0, -7410.0, -5832.0, -6437.0, -6078.0, -6045.0, -6455.0, -8799.0, -9240.0, -9015.0, -6324.0, -8585.0, -7974.0, -7238.0, -7013.0, -5763.0, -12201.0, -7566.0, -8189.0, -5446.0, -5961.0, -7569.0, -5989.0], "episode_types": ["t", "t", "t", "t", "t", "t", "t", "t", "t", "t", "t", "t", "t", "t", "t", "t", "t", "t", "t", "t", "t", "t", "t", "t", "t", "t", "t", "t", "t", "t", "t", "t", "t", "t", "t", "t", "t", "t", "t", "t", "t", "t", "t", "t", "t", "t", "t", "t", "t", "t", "t", "t", "t", "t", "t", "t", "t", "t", "t", "t", "t", "t", "t", "t", "t", "t", "t", "t", "t", "t", "t", "t", "t", "t", "t", "t", "t", "t", "t", "t", "t", "t", "t", "t", "t", "t", "t", "t", "t", "t", "t", "t", "t", "t", "t", "t", "t", "t", "t", "t", "t", "t", "t", "t", "t", "t", "t", "t", "t", "t", "t", "t", "t", "t", "t", "t", "t", "t", "t", "t", "t", "t", "t", "t", "t", "t", "t", "t", "t", "t", "t", "t", "t", "t", "t", "t", "t", "t", "t", "t", "t", "t", "t", "t", "t", "t", "t", "t", "t", "t"]}