{"initial_reset_timestamp": 1485283972.8744354, "timestamps": [1485283978.2185223, 1485283984.8578215, 1485283990.0251815, 1485283994.6389432, 1485283999.8859289, 1485284006.813637, 1485284012.0680242, 1485284018.063759, 1485284023.8169432, 1485284029.7185488, 1485284035.019116, 1485284041.286356, 1485284047.7525806, 1485284055.197681, 1485284059.324497, 1485284063.1412098, 1485284066.9581597, 1485284070.8979979, 1485284075.9915152, 1485284081.1136355, 1485284084.7834396, 1485284088.8001518, 1485284093.383844, 1485284097.3284981, 1485284102.039468, 1485284106.2886667, 1485284110.4327445, 1485284116.8087687, 1485284121.0203996, 1485284125.9696252, 1485284130.565462, 1485284135.403987, 1485284139.5463371, 1485284144.401774, 1485284150.2519057, 1485284153.9206462, 1485284157.5656078, 1485284161.7860055, 1485284166.8303053, 1485284171.9271553, 1485284175.9484057, 1485284179.9975164, 1485284184.2460406, 1485284188.990228, 1485284193.864179, 1485284198.8842504, 1485284203.8521307, 1485284208.5027869, 1485284213.3140776, 1485284219.318893, 1485284225.586898, 1485284229.7593706, 1485284234.347302, 1485284238.442573, 1485284243.1685808, 1485284247.2194765, 1485284251.2442155, 1485284255.2971175, 1485284259.4984243, 1485284263.8814843, 1485284269.859207, 1485284275.3939195, 1485284279.1112738, 1485284283.670289, 1485284288.39534, 1485284292.6838255, 1485284297.1647017, 1485284300.9131145, 1485284304.9699008, 1485284309.0834002, 1485284313.434166, 1485284318.0188131, 1485284323.5991824, 1485284327.9686987, 1485284335.4105217, 1485284339.643202, 1485284343.7291522, 1485284347.3927946, 1485284351.606907, 1485284356.4937794, 1485284360.702108, 1485284365.071678, 1485284369.483713, 1485284374.2073665, 1485284378.5917957, 1485284382.979708, 1485284387.4910018, 1485284391.808986, 1485284395.9509952, 1485284400.9912553, 1485284405.4936159, 1485284412.757591, 1485284417.6726213, 1485284422.066749, 1485284426.1462836, 1485284430.59177, 1485284435.437279, 1485284441.1599975, 1485284444.9812784, 1485284448.9626577, 1485284454.1585808, 1485284459.335467, 1485284463.5757961, 1485284467.857547, 1485284472.8558044, 1485284477.4560103, 1485284482.165951, 1485284486.331462, 1485284490.6633558, 1485284495.438327, 1485284500.3584716, 1485284504.6595151, 1485284508.7367303, 1485284512.7095394, 1485284517.1661134], "episode_lengths": [1849, 1510, 1324, 1187, 1280, 1797, 1303, 1492, 1159, 1427, 1332, 1565, 1617, 1889, 1017, 959, 908, 927, 1237, 1221, 894, 1050, 1091, 957, 1133, 1118, 1117, 1284, 1001, 1216, 1086, 1152, 993, 1193, 1451, 940, 906, 1017, 1201, 1204, 1003, 1008, 1023, 1141, 1176, 1216, 1207, 1141, 1152, 1483, 1622, 1070, 1107, 1005, 1117, 1002, 921, 1050, 1018, 1077, 1427, 1419, 909, 1174, 950, 1029, 1051, 884, 983, 1016, 1114, 1122, 1389, 1077, 1836, 1035, 977, 876, 1026, 1183, 1062, 1018, 1024, 1125, 1116, 1125, 1061, 992, 1039, 1213, 1121, 1801, 1157, 1083, 1037, 1096, 1246, 1390, 919, 1026, 1217, 1219, 1035, 1005, 1179, 1073, 1098, 981, 1075, 1155, 1204, 1001, 1031, 1004, 1042], "episode_rewards": [-18719.0, -14385.0, -14065.0, -13941.0, -12885.0, -17954.0, -13598.0, -16033.0, -13308.0, -12646.0, -16205.0, -15826.0, -13586.0, -14962.0, -6104.0, -7254.0, -7533.0, -5634.0, -7157.0, -9562.0, -4941.0, -6250.0, -7450.0, -5758.0, -7153.0, -7041.0, -8008.0, -7935.0, -7491.0, -7551.0, -7975.0, -6738.0, -7941.0, -6517.0, -10770.0, -7696.0, -5491.0, -6585.0, -6469.0, -6984.0, -6047.0, -6034.0, -5607.0, -7229.0, -7373.0, -8105.0, -7497.0, -8233.0, -6138.0, -9925.0, -9536.0, -5813.0, -6470.0, -7104.0, -6633.0, -6496.0, -7096.0, -7210.0, -5130.0, -6865.0, -8624.0, -9074.0, -5588.0, -6391.0, -6169.0, -6090.0, -7214.0, -6872.0, -4866.0, -7019.0, -5560.0, -6616.0, -7429.0, -5858.0, -11063.0, -7617.0, -7894.0, -5777.0, -7135.0, -7424.0, -6689.0, -5612.0, -5612.0, -6151.0, -6535.0, -5664.0, -7303.0, -6987.0, -5677.0, -8584.0, -8011.0, -11936.0, -8278.0, -6918.0, -6629.0, -7503.0, -7790.0, -9451.0, -7621.0, -9104.0, -7172.0, -7034.0, -6639.0, -6992.0, -6806.0, -5903.0, -5956.0, -5934.0, -7338.0, -8311.0, -7017.0, -6986.0, -6167.0, -7001.0, -6629.0], "episode_types": ["t", "t", "t", "t", "t", "t", "t", "t", "t", "t", "t", "t", "t", "t", "t", "t", "t", "t", "t", "t", "t", "t", "t", "t", "t", "t", "t", "t", "t", "t", "t", "t", "t", "t", "t", "t", "t", "t", "t", "t", "t", "t", "t", "t", "t", "t", "t", "t", "t", "t", "t", "t", "t", "t", "t", "t", "t", "t", "t", "t", "t", "t", "t", "t", "t", "t", "t", "t", "t", "t", "t", "t", "t", "t", "t", "t", "t", "t", "t", "t", "t", "t", "t", "t", "t", "t", "t", "t", "t", "t", "t", "t", "t", "t", "t", "t", "t", "t", "t", "t", "t", "t", "t", "t", "t", "t", "t", "t", "t", "t", "t", "t", "t", "t", "t", "t"]}