{"initial_reset_timestamp": 1485287287.7741156, "timestamps": [1485287293.528772, 1485287300.3367488, 1485287307.6013086, 1485287313.5206246, 1485287322.815223, 1485287334.52124, 1485287342.2416074, 1485287353.9394023, 1485287361.0926442, 1485287370.2608042, 1485287376.542778, 1485287386.108835, 1485287393.4414964, 1485287400.2979672, 1485287407.1191108, 1485287413.8172634, 1485287421.1322956, 1485287427.791886, 1485287434.6300275, 1485287440.698899, 1485287447.6380408, 1485287459.962646, 1485287466.4185457, 1485287472.8408144, 1485287478.389263, 1485287484.6256227, 1485287489.939976, 1485287497.90324, 1485287504.877054, 1485287511.1795022, 1485287516.056066, 1485287522.8598716, 1485287530.0593266, 1485287536.9926782, 1485287542.8378432, 1485287550.0168464, 1485287556.3432474, 1485287562.8675432, 1485287569.374881, 1485287576.9064596, 1485287584.1558561, 1485287590.7083278, 1485287603.9654574, 1485287609.634182, 1485287616.0922556, 1485287622.2367613, 1485287628.7714028, 1485287634.963438, 1485287641.315723, 1485287648.2971215, 1485287654.5084786, 1485287661.5081074, 1485287666.947853, 1485287672.4682875, 1485287678.662161, 1485287685.4743118, 1485287692.481031, 1485287698.9627328, 1485287704.7624314, 1485287716.4045486, 1485287723.2945385, 1485287730.229857, 1485287735.9114249, 1485287742.2601342, 1485287750.056897, 1485287756.3975794, 1485287762.0230486, 1485287767.5773516, 1485287775.1390493, 1485287782.005118, 1485287787.530878, 1485287794.525508, 1485287800.7672389, 1485287806.921601, 1485287813.8966675, 1485287819.6026065, 1485287826.555912, 1485287832.6464934, 1485287838.8804452, 1485287844.418205, 1485287851.395553, 1485287861.8004084, 1485287867.4163957, 1485287873.0003035, 1485287879.2897046, 1485287886.2883222, 1485287891.8568406, 1485287896.8131523, 1485287902.6368291, 1485287908.3229313, 1485287914.7646756, 1485287921.211067, 1485287927.7258418, 1485287934.2161756, 1485287939.822149, 1485287946.9456227, 1485287953.1720724, 1485287960.9913657, 1485287967.5764573, 1485287974.7471263, 1485287980.9245117, 1485287987.0721316, 1485287993.5495033, 1485287999.1086187, 1485288005.3229904, 1485288012.320513, 1485288018.3737102, 1485288028.8124511, 1485288035.9002721, 1485288041.525319, 1485288046.545946, 1485288053.4323018, 1485288060.3119137, 1485288067.119133, 1485288073.2243462, 1485288079.749731, 1485288087.0153139, 1485288094.7292438, 1485288101.0462615, 1485288106.6440356, 1485288114.9375765, 1485288121.9837153, 1485288129.5118992, 1485288136.3718307, 1485288141.869809, 1485288149.1159065, 1485288157.1414552, 1485288164.194393, 1485288169.7515583, 1485288175.2963147, 1485288180.8220572, 1485288187.6994429, 1485288194.4316576, 1485288199.9463499, 1485288208.259318, 1485288216.0715218, 1485288225.6907017, 1485288231.83411, 1485288239.6621842, 1485288245.1885529, 1485288251.911055, 1485288258.5991716, 1485288264.0034754, 1485288272.8768225, 1485288277.7508154, 1485288284.0504515, 1485288288.8107727, 1485288294.2107184, 1485288299.5984116, 1485288306.3137224, 1485288313.7056386, 1485288320.4488668, 1485288327.0561163, 1485288333.898239, 1485288341.2576, 1485288347.374718, 1485288352.8471017, 1485288360.3199198, 1485288366.4043665, 1485288373.2332969, 1485288378.6539695, 1485288389.6380496, 1485288395.9169695, 1485288402.1024387, 1485288408.1803207, 1485288416.939857, 1485288421.7469637, 1485288427.1311436, 1485288432.4198594, 1485288438.5037122, 1485288444.5874188, 1485288452.0489383, 1485288458.1267185, 1485288464.2554934, 1485288471.034428, 1485288477.410787, 1485288484.4303358, 1485288490.0652096, 1485288497.516003, 1485288503.5450172, 1485288509.7495303, 1485288517.423496, 1485288524.491573, 1485288530.543006, 1485288540.370307, 1485288547.9286094, 1485288553.3258991, 1485288559.3142753, 1485288566.197663, 1485288572.419587, 1485288578.8051054, 1485288586.554255, 1485288593.6131766, 1485288599.1848245, 1485288604.8145585, 1485288611.5681002, 1485288619.6887767, 1485288626.6014597, 1485288632.2743485, 1485288639.1210747, 1485288645.474709, 1485288652.9712381, 1485288660.1866374, 1485288666.3911247, 1485288672.8527718, 1485288679.1928227, 1485288686.023647, 1485288692.1114173, 1485288698.8162696, 1485288705.4923232, 1485288711.5586424, 1485288718.2933717, 1485288725.1740892, 1485288731.3233795, 1485288737.5338678, 1485288744.5054975, 1485288750.9613426, 1485288757.1916027, 1485288763.8831742, 1485288769.915213, 1485288777.2392418, 1485288783.97145, 1485288790.775495, 1485288799.8036776, 1485288809.2439857, 1485288815.2766533, 1485288822.0902586, 1485288829.633573, 1485288835.654967, 1485288841.004636, 1485288847.732195, 1485288853.809203, 1485288859.9926414, 1485288867.704443, 1485288874.4742439, 1485288880.5640032, 1485288887.2896461, 1485288895.500969, 1485288902.2613773, 1485288909.2267206, 1485288914.6340065, 1485288921.266643, 1485288927.9290245, 1485288934.3813531, 1485288941.4915788, 1485288947.7274725, 1485288953.2953367, 1485288960.038371, 1485288966.8952289, 1485288974.9769266, 1485288981.8419337, 1485288987.9871624, 1485288994.8806365, 1485289000.4335923, 1485289006.3889961, 1485289011.8510723, 1485289018.7878003, 1485289025.2850158, 1485289032.1889515, 1485289039.0158496, 1485289047.312267, 1485289053.5935032, 1485289061.9075828, 1485289068.1288218, 1485289074.290996, 1485289080.5533223, 1485289086.2638857, 1485289092.5841384, 1485289099.4988656, 1485289104.969141, 1485289111.2500136, 1485289117.4147854, 1485289124.187229, 1485289132.4291718, 1485289138.7439694, 1485289144.8179123, 1485289155.3593812, 1485289160.838351, 1485289166.2314699, 1485289172.1568396, 1485289178.3538845, 1485289184.3935914, 1485289191.0810044, 1485289197.1213028, 1485289203.2437656, 1485289209.3611505, 1485289215.5070412, 1485289221.5646594, 1485289228.324153, 1485289234.4990118, 1485289240.8977494, 1485289247.1206129, 1485289253.3033187, 1485289260.7693067, 1485289267.041307, 1485289272.3432372, 1485289278.397289, 1485289285.9801853, 1485289292.008681, 1485289296.7629888, 1485289304.3465962, 1485289310.9729939, 1485289317.1281464, 1485289325.2357676, 1485289331.578896, 1485289338.5147834, 1485289344.0151892, 1485289350.2309248, 1485289356.5391424, 1485289363.251692, 1485289368.5965106, 1485289374.7097495, 1485289381.4954698, 1485289388.1766489, 1485289394.1656182, 1485289401.6003673, 1485289408.0322132, 1485289414.181121, 1485289420.9254885, 1485289427.6414363, 1485289435.3958097, 1485289441.6823635, 1485289447.1614466, 1485289454.5171156, 1485289459.8725421, 1485289465.9069514, 1485289471.9305468, 1485289477.4274967, 1485289485.114041, 1485289491.2745097, 1485289497.4655511, 1485289503.5738506, 1485289510.997078, 1485289517.1426332, 1485289522.5834181, 1485289529.4051874, 1485289535.5736654, 1485289541.0317647, 1485289547.1204488, 1485289553.8532248, 1485289559.256617, 1485289565.337382, 1485289572.0770085, 1485289578.438525, 1485289584.083498, 1485289590.521564, 1485289596.7637222, 1485289609.1646857, 1485289617.4282234, 1485289625.0545323, 1485289632.7954543, 1485289639.7536428, 1485289645.8246288, 1485289652.0878305, 1485289658.8883312, 1485289665.1001346, 1485289671.2171395, 1485289677.2921858, 1485289686.8582177, 1485289692.3712575, 1485289699.2453358, 1485289705.996373, 1485289711.3835003, 1485289718.1593935, 1485289723.653165, 1485289730.9241512, 1485289738.04367, 1485289745.3314874, 1485289751.78295, 1485289758.5287063, 1485289765.9314435, 1485289772.3735294, 1485289779.128405, 1485289785.405267, 1485289795.8782206, 1485289801.4138243, 1485289808.932816, 1485289815.4053721, 1485289822.2200422, 1485289828.3153694, 1485289835.1176755, 1485289840.6629696, 1485289846.1998947, 1485289852.266118, 1485289857.6866755, 1485289864.1336117, 1485289870.400183, 1485289875.8631957, 1485289881.8966823, 1485289888.1217897, 1485289895.7356515, 1485289903.5840611, 1485289909.8911157, 1485289916.8327081, 1485289923.0002263, 1485289929.849022, 1485289935.411445, 1485289942.255977, 1485289948.4382067, 1485289955.910551, 1485289962.8619728, 1485289968.987811, 