{"initial_reset_timestamp": 1485300275.0137107, "timestamps": [1485300280.551314, 1485300286.8495724, 1485300292.782531, 1485300298.6596792, 1485300309.4224348, 1485300319.087598, 1485300331.2099376, 1485300340.7783413, 1485300349.983819, 1485300357.2191608, 1485300364.5252042, 1485300371.7133825, 1485300377.4758906, 1485300383.8752325, 1485300390.9979289, 1485300398.3611686, 1485300405.8009748, 1485300411.7181323, 1485300418.463631, 1485300426.5360231, 1485300438.8977249, 1485300444.6169202], "episode_lengths": [2065, 1753, 1597, 1345, 2071, 1566, 1944, 1491, 1258, 1094, 1145, 1176, 936, 981, 1088, 1140, 1095, 860, 1027, 1206, 1996, 868], "episode_rewards": [-19794.0, -17070.0, -15979.0, -13220.0, -20324.0, -14444.0, -17281.0, -16952.0, -14805.0, -14515.0, -13723.0, -9892.0, -7656.0, -9411.0, -7430.0, -8198.0, -8966.0, -7802.0, -9117.0, -8491.0, -16934.0, -6360.0], "episode_types": ["t", "t", "t", "t", "t", "t", "t", "t", "t", "t", "t", "t", "t", "t", "t", "t", "t", "t", "t", "t", "t", "t", "t"]}