{"initial_reset_timestamp": 1484586369.9650552, "timestamps": [1484586373.4024062, 1484586379.8665562, 1484586391.588084, 1484586407.6987307, 1484586424.1795394, 1484586438.7116294, 1484586448.7419775, 1484586454.5239673, 1484586463.777865, 1484586484.6411483, 1484586492.9265418, 1484586508.702565, 1484586517.6328812, 1484586524.5067923, 1484586532.8728135, 1484586539.522871, 1484586545.3192785, 1484586550.7159433, 1484586558.5562723, 1484586567.0420022, 1484586574.4974267, 1484586580.8292606, 1484586588.323187, 1484586595.7681086, 1484586602.8244576, 1484586608.9016175, 1484586625.200468, 1484586630.7844548, 1484586638.4313807, 1484586643.8479629, 1484586649.7277455, 1484586656.2049863, 1484586661.7569578, 1484586667.2265756, 1484586672.4954433, 1484586677.7147484, 1484586684.217238, 1484586691.8987725, 1484586696.5428555, 1484586703.2551472, 1484586709.0199158, 1484586715.658147, 1484586721.0940394, 1484586726.5983894, 1484586736.2022984, 1484586742.2846687, 1484586746.547858, 1484586752.010786, 1484586757.2609916, 1484586763.5707364, 1484586769.4301915, 1484586775.1953428, 1484586782.4735577, 1484586790.1512704, 1484586794.7790275, 1484586803.1460104, 1484586811.3954563, 1484586818.600236, 1484586825.0245762, 1484586832.7063437, 1484586840.3225465, 1484586847.3671803, 1484586853.6999536, 1484586860.4503405, 1484586869.624283, 1484586875.4391687, 1484586880.5839112, 1484586887.2912362, 1484586894.2242155, 1484586900.3010757, 1484586907.9241848, 1484586914.5870347, 1484586921.5515594, 1484586927.228032, 1484586932.4087493, 1484586937.9560237, 1484586945.2654665, 1484586952.5211248, 1484586957.2399688, 1484586964.3947046, 1484586970.6624758, 1484586975.9325385, 1484586984.4777358, 1484586990.1859493, 1484586997.7136912, 1484587004.6033258, 1484587011.1272876, 1484587020.0512693, 1484587024.79059, 1484587031.9772332, 1484587040.9513628, 1484587047.2156134, 1484587052.8639324, 1484587058.78762, 1484587064.8322315, 1484587070.1492703, 1484587076.3684173, 1484587081.331762, 1484587087.1059916, 1484587092.6913497, 1484587100.12121, 1484587105.8584135, 1484587112.816627, 1484587118.9879076, 1484587124.9239023, 1484587132.2124078, 1484587139.1027634, 1484587144.0145574, 1484587151.0186965, 1484587157.974977, 1484587162.803984, 1484587169.149593, 1484587174.4215472, 1484587180.5743148, 1484587185.1529899, 1484587192.3290908, 1484587200.9316704, 1484587206.828455, 1484587212.939977, 1484587219.4614074, 1484587227.014632, 1484587234.4192042, 1484587241.4052773, 1484587249.4316854, 1484587257.234669, 1484587263.6564395, 1484587269.8595579, 1484587275.616283, 1484587282.4289014, 1484587290.6737733, 1484587297.7366772, 1484587304.0277271, 1484587311.6826503, 1484587317.1306434, 1484587324.25836, 1484587332.0215483, 1484587339.2789714, 1484587346.1919942, 1484587354.2033072, 1484587361.2746341, 1484587367.370419, 1484587374.1740453, 1484587380.9600298, 1484587386.4307253, 1484587391.6660078, 1484587397.2075367, 1484587404.4712207, 1484587409.3614664, 1484587416.378219, 1484587422.8611772, 1484587429.1055524, 1484587436.1952622, 1484587444.4354649, 1484587450.894906, 1484587457.9696896, 1484587466.5365627, 1484587477.2766716, 1484587485.3544302, 1484587492.9860823, 1484587502.0916743, 1484587510.7193544, 1484587516.6324227, 1484587523.2144294, 1484587531.2404294, 1484587540.0942345, 1484587547.7405958, 1484587555.6198175, 1484587562.5925372, 1484587569.4046712, 1484587578.4631007, 1484587584.1408195, 1484587590.3114395, 1484587599.4521246, 1484587605.757086, 1484587611.83708, 1484587617.3689175, 1484587624.2196727, 1484587631.3380432, 1484587637.9889045, 1484587643.7277803, 1484587650.7672975, 1484587658.0248702, 1484587667.5296655, 1484587673.6118672, 1484587679.767072, 1484587688.132532, 1484587694.9339662, 1484587704.5380893, 1484587710.2560964, 1484587716.1139169, 1484587722.6667473, 1484587728.831533, 1484587733.7758873, 1484587738.8832288, 1484587746.471463, 1484587755.7045033, 1484587761.8632555, 1484587767.6881218, 1484587774.7760286, 1484587779.6707392, 1484587788.3531337, 1484587794.8801289, 1484587802.706311, 1484587810.6514328, 1484587819.3595452, 1484587825.9803739, 1484587833.6149461, 1484587840.509155, 1484587846.0731723, 1484587853.3774889, 1484587861.1463144, 1484587866.312297, 1484587872.7326903, 1484587880.175197, 1484587887.1221974, 1484587896.0024056, 1484587904.3869617, 1484587911.2765832, 1484587918.9940362, 1484587928.2641869, 1484587934.3137162, 1484587943.319447, 1484587948.907793, 1484587958.2149134, 1484587963.5926569, 1484587969.991176, 1484587976.8677394, 1484587984.3294408, 1484587993.74257, 1484588000.9705274, 1484588007.2337873, 1484588012.8703935, 1484588019.3431435, 1484588025.8023605, 1484588032.9119725, 1484588041.3306875, 1484588047.2980607, 1484588053.6128297, 1484588061.1577973, 1484588067.7976573, 1484588073.7739115, 1484588080.9775736, 1484588087.1214314, 1484588094.5181556, 1484588100.9849277, 1484588106.124082, 1484588113.5475154, 1484588121.2703705, 1484588126.9732292, 1484588132.1926599, 1484588140.0680315, 1484588148.822929, 1484588154.9506974, 1484588161.6824396, 1484588166.9644136, 1484588172.134564, 1484588177.787387, 1484588187.2998152, 1484588194.021511, 1484588201.6280158, 1484588209.3656058, 1484588215.1626694, 1484588221.5502334, 1484588227.0080328, 1484588235.1488967, 1484588242.0666947, 1484588248.1495733, 1484588254.2227347, 1484588262.0856407, 1484588268.0156715, 1484588275.8123748, 1484588283.5374987, 1484588290.8383994, 1484588299.733905, 1484588305.896767, 1484588312.6764593, 1484588319.4961467, 1484588326.227557, 1484588334.211556, 1484588343.0030432, 1484588350.6354477, 1484588358.1140137, 1484588365.5088181, 1484588371.1027362, 1484588377.6127708, 1484588386.0091162, 1484588391.7021222, 1484588397.7963598, 1484588403.8656235, 1484588410.409906, 1484588416.920835, 1484588423.0376377, 1484588431.3315158, 1484588437.4855967, 1484588442.9337184, 1484588447.4493558, 1484588454.1339235, 1484588459.5056553, 1484588465.7946749, 1484588472.696199, 1484588480.8037357, 1484588487.220596, 1484588491.976665, 1484588499.1106358, 1484588504.5544946, 1484588510.7660882, 1484588517.5824988, 1484588524.8912091, 1484588531.7629275, 1484588537.0884478, 1484588543.2158272, 1484588550.5556414, 1484588556.3892522, 1484588564.4680886, 1484588575.140388, 1484588581.5089955, 1484588587.1253283, 1484588594.3201723, 1484588600.9051275, 1484588608.1655352, 1484588617.6675138, 1484588624.8330681, 1484588630.245187, 1484588635.9470131, 1484588643.018629, 1484588649.5426283, 1484588655.5345402, 1484588663.2843246, 1484588671.6650994, 1484588677.6483862, 1484588683.8662043, 1484588693.2362201, 1484588700.0577753, 1484588706.0838444, 1484588712.4337914, 1484588719.031468, 1484588727.3295217, 1484588734.4760344, 1484588740.8748963, 1484588747.2531958, 1484588751.3693073, 1484588756.1221447],