{"initial_reset_timestamp": 1485300448.0321972, "timestamps": [1485300453.6691136, 1485300460.0775723, 1485300466.1503515, 1485300472.6297233, 1485300484.1081583, 1485300494.4692738, 1485300504.1714718, 1485300515.2763958, 1485300527.4781594, 1485300544.5259671, 1485300551.636235, 1485300561.8069885, 1485300571.651799, 1485300581.0455275, 1485300589.61649, 1485300597.1252499, 1485300603.0769625, 1485300609.9577272, 1485300621.2154765, 1485300628.1281726, 1485300635.8740053, 1485300646.827692, 1485300653.8703232, 1485300661.6290293, 1485300669.2988286, 1485300675.3623931, 1485300682.0840487, 1485300690.1670358, 1485300701.1444259, 1485300706.67373, 1485300716.0734653, 1485300723.9601462, 1485300731.5001912, 1485300739.3628063, 1485300746.9162066, 1485300753.8533077, 1485300759.9285, 1485300766.7234979, 1485300776.4699006, 1485300789.1757965, 1485300795.2710671, 1485300802.0370903, 1485300808.8618455, 1485300814.9183455, 1485300821.662732, 1485300829.3042, 1485300837.8050022, 1485300844.780689, 1485300854.7161024, 1485300860.8871346, 1485300867.575753, 1485300875.3783727, 1485300882.2526667, 1485300889.366844, 1485300896.4457507, 1485300904.2667098, 1485300912.0421684, 1485300919.0795891, 1485300926.1314142, 1485300934.5841703, 1485300949.4573789, 1485300956.5311847, 1485300964.3105593, 1485300971.7014143, 1485300979.4406793, 1485300985.6958091, 1485300993.3619695, 1485301000.2424402, 1485301008.8432226, 1485301015.704859, 1485301025.3746152, 1485301032.1481984, 1485301039.0464737, 1485301046.021056, 1485301053.8344128, 1485301061.5980735, 1485301069.487517, 1485301077.3997629, 1485301085.2043912, 1485301096.5842547, 1485301103.6134622, 1485301110.6492572, 1485301116.9815273, 1485301124.0149517, 1485301130.9089787, 1485301137.8113081, 1485301144.7676606, 1485301151.5821016, 1485301159.2983391, 1485301167.950118, 1485301175.4785275, 1485301182.3734915, 1485301190.1236553, 1485301199.2089958, 1485301205.3817937, 1485301212.2756848, 1485301218.564129, 1485301225.8077433, 1485301232.1266325, 1485301242.297534, 1485301249.2849953, 1485301257.6858196, 1485301264.8498554, 1485301270.5005147, 1485301277.6300812, 1485301284.6885867, 1485301290.8946524, 1485301298.8779025, 1485301306.7784374, 1485301317.1554983, 1485301324.8760755, 1485301332.1058757, 1485301340.1108766, 1485301347.3215024, 1485301354.9088526, 1485301361.8283405, 1485301367.994899, 1485301374.3968728, 1485301382.007336, 1485301398.4364386, 1485301404.5608742, 1485301412.2610836, 1485301419.2341764, 1485301425.329718, 1485301432.8641462, 1485301440.5579503, 1485301448.4606824, 1485301454.5123217, 1485301461.4604986, 1485301470.6621125, 1485301476.9967568, 1485301484.635035, 1485301492.3983188, 1485301499.5099084, 1485301506.565078, 1485301513.8462691, 1485301522.4539025, 1485301528.5714843, 1485301534.6270597, 1485301542.2843904, 1485301551.391834, 1485301559.4825807, 1485301566.6952102, 1485301573.0518517, 1485301581.3855476, 1485301587.5635428, 1485301594.449214, 1485301600.7485304, 1485301606.9354784, 1485301612.8974097, 1485301620.3266618, 1485301627.1809757, 1485301633.2962112, 1485301640.0763955, 1485301646.1791177, 1485301652.4170725, 1485301659.995734, 1485301666.7518506, 1485301673.3685935, 1485301680.234008, 1485301690.3497078, 1485301699.959665, 1485301707.8048978, 1485301716.4839787, 1485301721.8404582, 1485301728.6105537, 1485301736.2007525, 1485301743.0346298, 1485301749.7782805, 1485301760.6514704, 1485301766.8341002, 1485301773.8827312, 1485301779.8796558, 1485301786.6010535, 1485301794.7206676, 1485301800.689831, 1485301808.2031257, 1485301814.9534175, 1485301820.2506776, 1485301829.3837137, 1485301836.8761253, 1485301843.5931437, 1485301852.5115979, 1485301860.032487, 1485301869.9410574, 1485301882.2078524, 1485301888.9781284, 1485301896.3897402, 1485301903.1032586, 1485301910.5939636, 1485301918.1204708, 1485301924.8360803, 1485301932.3810549, 1485301939.9488337, 1485301947.8914063, 1485301957.3528783, 1485301965.9140124, 1485301976.1110928, 1485301984.6750748, 1485301990.963371, 1485302000.7651389, 1485302007.3274841, 1485302014.8166864, 1485302020.83958, 1485302030.6085658, 1485302037.7668889, 1485302044.0167286, 1485302050.159185, 1485302057.8813505, 1485302065.5031838, 1485302072.3203979, 1485302079.8558633, 1485302086.650163, 1485302099.7841554, 1485302105.7741952, 1485302111.843511, 1485302119.7544007, 1485302127.706791, 1485302134.7393706, 1485302140.9280355, 1485302147.6190886, 1485302153.7736163, 1485302160.7473845, 1485302169.544618, 1485302177.1992354, 1485302183.1894755, 1485302190.7376194, 1485302198.6117735, 1485302205.4517698, 1485302212.4271042, 1485302219.5100396, 1485302225.1478183, 1485302232.126824, 1485302239.1232958, 1485302246.0768414, 1485302261.7437537, 1485302269.4845357, 1485302276.5675473, 1485302283.4885726, 1485302289.7883315, 1485302296.754723, 1485302303.9039142, 1485302311.6905782, 1485302319.0193586, 1485302326.922325, 1485302333.1794271, 1485302339.3536842, 1485302345.642261, 1485302352.0782385, 1485302359.1097474, 1485302366.302981, 1485302374.3251011, 1485302381.2059464, 1485302388.7918563, 1485302394.9761548, 1485302401.3306153, 1485302408.8684115, 1485302415.9856946, 1485302422.2190611, 1485302429.8736064, 1485302436.0230312, 1485302443.5515146, 1485302451.007619, 1485302457.767574, 1485302463.8014667, 1485302470.606809, 1485302476.5880427, 1485302483.5079887, 1485302489.658169, 1485302497.2062614, 1485302504.0728343, 1485302510.1988032, 1485302518.7190454, 1485302525.5311406, 1485302532.340912, 1485302539.20445, 1485302546.8360133, 1485302553.7783844, 1485302563.2209523, 1485302570.7995172, 1485302578.2983146, 1485302584.3008084, 1485302591.8987298, 1485302600.1441908, 1485302606.845385, 1485302613.5710256, 1485302620.287542, 1485302627.8593462, 1485302635.437593, 1485302643.0034094, 1485302649.7552085, 1485302656.5109057, 1485302663.5790687, 1485302671.167386, 1485302677.197074, 1485302684.774587, 1485302690.1251354, 1485302696.893692, 1485302703.650635, 1485302710.6685998, 1485302717.8386579, 1485302724.428027, 1485302731.410136, 1485302737.5088236, 1485302744.264148, 1485302751.0523818, 1485302757.8966563, 1485302766.1001866, 1485302776.910996, 1485302783.9271715, 1485302790.0949862, 1485302797.9849179, 1485302804.2839692, 1485302811.2600691, 1485302818.7898629, 1485302825.5668283, 1485302834.597207, 1485302840.6861932, 1485302849.2803636, 1485302857.9343731, 1485302863.9115386, 1485302870.9539225, 1485302877.966739, 1485302884.2260535, 1485302890.5156004, 1485302898.8595114, 1485302905.6000683, 1485302913.345657, 1485302919.5506132, 1485302927.9042451, 1485302934.836946, 1485302941.8076468, 1485302949.4606726, 1485302956.1910157, 1485302964.5669222, 1485302971.243443, 1485302978.1002805, 1485302986.320405, 1485302996.209119, 1485303002.9760468, 1485303010.4676738, 1485303017.1873553, 1485303023.9559898, 1485303031.715575, 1485303039.428292, 1485303047.078401, 1485303055.783594, 1485303061.8800218, 1485303072.1261504, 1485303079.0563722, 1485303085.8387723, 1485303092.654638, 1485303100.4911323, 1485303107.8392732, 1485303114.1678863, 1485303120.2465954, 1485303128.0110614, 1485303134.0871842, 1485303143.4210184, 1485303151.0349386, 1485303157.936738, 1485303165.094153, 1485303171.356416, 1485303179.9864411, 1485303186.8038216, 1485303193.6070762, 1485303200.3676355, 1485303207.8714817, 1485303216.924504, 1485303223.718151, 1485303230.6782897, 1485303237.7060156, 1485303244.060216, 1485303252.5777917, 1485303259.5288577, 1485303268.0776691, 1485303276.0179248, 1485303284.4451416, 1485303292.20147, 1485303299.7557907, 1485303309.7521718, 1485303316.5940282, 1485303323.508803, 1485303331.130272, 1485303337.5540915, 1485303343.7024055, 1485303349.8672223, 1485303360.6276963, 1485303367.3479471, 1485303374.0497062, 1485303382.3627965, 1485303390.1062427, 1485303398.7778547, 1485303405.5536184, 1485303413.121505, 1485303420.0913382, 1485303426.7564032, 1485303436.4958107, 1485303443.2112224, 1485303451.4954603, 1485303458.5141087, 