{"initial_reset_timestamp": 1484586124.2920828, "timestamps": [1484586130.1177316, 1484586136.8265088, 1484586142.4773264, 1484586147.1953554, 1484586152.742251, 1484586160.329885, 1484586165.5730703, 1484586172.0090342, 1484586178.2034369, 1484586184.2247074, 1484586189.5595875, 1484586196.0955067, 1484586202.631155, 1484586210.589986, 1484586214.8114905, 1484586218.7297535, 1484586222.6468272, 1484586227.006664, 1484586232.0971653, 1484586237.3016655, 1484586241.124897, 1484586245.2609177, 1484586249.7319112, 1484586253.664179, 1484586258.4721057, 1484586263.1220672, 1484586267.697855, 1484586274.6246314, 1484586278.9789386, 1484586284.2147784, 1484586288.7437625, 1484586293.5431097, 1484586298.0447488, 1484586303.4844692, 1484586309.6843233, 1484586313.7058287, 1484586317.6961207, 1484586321.9556017, 1484586327.0079582, 1484586332.2073162, 1484586336.778518, 1484586340.9326131, 1484586345.0404658, 1484586349.6559942, 1484586354.3513308, 1484586359.3957727, 1484586364.4632275, 1484586369.2658362, 1484586374.0394688, 1484586380.0569413, 1484586386.5905435, 1484586390.9885128, 1484586395.4565675, 1484586399.615307, 1484586404.1310797, 1484586408.387851, 1484586412.25797, 1484586416.5153077, 1484586420.7311141, 1484586425.1748438, 1484586431.3182697, 1484586437.0649211, 1484586441.1204948, 1484586446.0747848, 1484586450.8087711, 1484586455.0645475, 1484586459.4055452, 1484586463.0194511, 1484586467.2143326, 1484586471.4692428, 1484586475.9902904, 1484586480.5806913, 1484586486.2325501, 1484586490.6450734, 1484586498.1723464, 1484586502.4067156, 1484586506.5494287, 1484586510.1862717, 1484586514.5700784, 1484586519.4866066, 1484586523.9148343, 1484586528.0973184, 1484586532.3949735, 1484586537.2100635, 1484586541.8462653, 1484586546.5106037, 1484586550.8749366, 1484586554.9421976, 1484586559.1770947, 1484586564.3417552, 1484586568.8227744, 1484586576.2245739, 1484586581.14979, 1484586585.6682608, 1484586590.0675287, 1484586594.7913437, 1484586599.96359, 1484586605.6856806, 1484586609.494442, 1484586613.6479278, 1484586618.7738864, 1484586623.9391136, 1484586628.0780065, 1484586632.2114272, 1484586636.948322, 1484586641.4573884, 1484586645.9088292, 1484586649.9148114, 1484586654.3334742, 1484586659.245391, 1484586664.2247815, 1484586668.44575, 1484586672.6780858, 1484586676.8999465, 1484586681.0987425, 1484586685.441565, 1484586689.5448997, 1484586694.0082495, 1484586698.256116, 1484586702.1121442, 1484586706.280886, 1484586710.7716584, 1484586715.2981083, 1484586719.7346435, 1484586723.9082456, 1484586730.0783668, 1484586733.955089, 1484586737.8123865, 1484586742.2150068, 1484586746.1657965, 1484586750.9345784, 1484586754.713142, 1484586758.9126976, 1484586763.4803288, 1484586768.9630358, 1484586774.9010568, 1484586780.2671728, 1484586784.1284966, 1484586789.7179902, 1484586794.4997468, 1484586798.6859095, 1484586803.1327777, 1484586807.4094532, 1484586813.7471542, 1484586818.4162264, 1484586823.1630914, 1484586827.3156116, 1484586831.4698315, 1484586835.6680248, 1484586839.8237798, 1484586844.68859, 1484586850.058967, 1484586857.6885846, 1484586863.5105586, 1484586867.7546303, 1484586871.8683462, 1484586876.348999, 1484586881.0621085, 1484586885.1633835, 1484586889.6402678, 1484586894.3595953, 1484586899.3577335, 1484586903.452361, 1484586908.1790054, 1484586911.783494, 1484586915.9648385, 1484586919.8668454, 1484586923.378123, 1484586927.7678623, 1484586932.5363195, 1484586936.7282052, 1484586940.8126454, 1484586944.6940207, 1484586949.1120214, 1484586953.0454528, 1484586957.3598452, 1484586961.5645483, 1484586966.062899, 1484586970.477979, 1484586975.2828574, 1484586979.4647634, 1484586983.3408966, 1484586989.0570555, 1484586992.9268656, 1484586997.5600736, 1484587002.185702, 1484587007.3974142, 1484587011.246606, 1484587016.2375286, 1484587020.2657626, 1484587024.4802248, 1484587029.0008812, 1484587033.562343, 1484587037.471874, 1484587045.3621871, 1484587049.5461721, 1484587053.5129938, 1484587057.4376256, 1484587061.3093977, 1484587065.8112926, 1484587070.0455334, 1484587075.9315882, 1484587080.237793, 1484587085.0276904, 1484587089.502623, 1484587093.3712842, 1484587097.7885644, 1484587102.1679258, 1484587106.5975962, 1484587110.77104, 1484587115.238709, 1484587120.0004215, 1484587124.3394656, 1484587129.6754124, 1484587134.1139991, 1484587138.321479, 1484587142.6969376, 1484587147.4942174, 1484587152.2596397, 1484587157.1104374, 1484587160.952632, 1484587165.119313, 1484587169.6437602, 1484587173.5150578, 1484587177.5686762, 1484587182.0393233, 1484587186.3878806, 1484587191.4263847, 1484587195.9968872, 1484587199.8423388, 1484587203.8346088, 1484587208.8763766, 1484587214.8626986, 1484587218.439675, 1484587223.6675303, 1484587227.3055751, 1484587231.3476782, 1484587235.2645752, 1484587240.0724695, 1484587245.205627, 1484587249.6331882, 1484587256.4893887, 1484587261.8283923, 1484587266.6872275, 1484587271.1685364, 1484587275.0553877, 1484587279.0130415, 1484587283.2140107, 1484587290.0168352, 1484587293.8647416, 1484587297.6419246, 1484587301.9396896, 1484587305.8922124, 1484587310.4238636, 1484587315.4923668, 1484587319.3881004, 1484587323.329615, 1484587328.0233886, 1484587333.4918337, 1484587338.508752, 1484587342.6943824, 1484587345.9478536, 1484587349.4515128, 1484587354.2629507, 1484587358.1780453, 1484587362.3853908, 1484587366.5964305, 1484587370.5602572, 1484587375.1642666, 1484587379.302319, 1484587383.839717, 1484587388.3352146, 1484587393.056253, 1484587397.8739955, 1484587405.0644772, 1484587409.7781236, 1484587413.7646692, 1484587418.494444, 1484587423.18405, 1484587426.698856, 1484587432.3540726, 1484587436.540049, 1484587440.8489916, 1484587445.1055763, 1484587450.7637303, 1484587456.3926916, 1484587461.492337, 1484587465.1302023, 1484587468.9839444, 1484587473.5049028, 1484587477.4144833, 1484587483.3164372, 1484587489.4149694, 1484587493.4445877, 1484587498.5294795, 1484587502.2101002, 1484587506.388509, 1484587510.2746608, 1484587514.0394151, 1484587519.1003568, 1484587522.9911566, 1484587527.035386, 1484587531.314258, 1484587535.170959, 1484587539.9086366, 1484587544.9589896, 1484587549.0774758, 1484587552.9408839, 1484587557.7109501, 1484587562.6532383, 1484587568.6525927, 1484587573.12048, 1484587578.4928162, 1484587582.7387912, 1484587587.508038, 1484587591.1461954, 1484587595.183522, 1484587599.8982298, 1484587604.4699605, 1484587611.677019, 1484587615.5303783, 1484587620.2235177, 1484587624.654793, 1484587630.3234775, 1484587637.1084418, 1484587640.977714, 1484587645.7782657, 1484587649.6992016, 1484587653.8803048, 1484587657.7350502, 1484587663.365935, 1484587667.5327334, 1484587671.5370662, 1484587676.035028, 1484587680.958266, 1484587685.1626477, 1484587689.0222528, 1484587693.185345, 1484587697.6135075, 1484587703.6140263, 1484587708.763293, 1484587712.810345, 1484587716.133711, 1484587721.9549239, 1484587726.4504204, 1484587730.6272953, 1484587735.4041545, 1484587739.8407352, 1484587744.5833955, 1484587749.436247, 1484587753.2858732, 1484587758.0774589, 1484587762.5215366, 1484587767.0429616, 1484587772.250588, 1484587779.4092495, 1484587783.2320004, 1484587787.6532052, 1484587792.887155, 1484587797.4475791, 1484587801.8585744, 1484587806.3217423, 1484587810.4450092, 1484587814.3645632, 1484587818.8943627, 1484587823.797241, 1484587828.9207613, 1484587833.0188544, 1484587837.006617, 1484587841.4615173, 1484587846.1390836, 1484587849.9858487, 1484587853.7550328, 1484587858.6421804, 1484587862.5633333, 1484587866.4372852, 1484587872.586712, 1484587877.273376, 1484587882.012882, 1484587885.9968302, 1484587890.670148, 1484587894.7938466, 1484587900.9109514, 1484587905.7882495, 1484587910.8026562, 1484587915.3000665, 1484587921.31296, 1484587926.270516, 1484587930.4173467, 1484587934.8838437, 1484587940.61536, 1484587945.569765, 1484587949.7410626, 1484587954.221775, 1484587959.0163264, 1484587962.8872201, 1484587968.1372933, 1484587973.3651373, 1484587977.7851684, 1484587982.0086179, 1484587985.8753746, 